canton,mes,anio,produccion,area
Turrialba,enero,2005,136.21,5.95
Turrialba,febrero,2005,66.24,2.8
Turrialba,marzo,2005,14.9,0.7
Turrialba,abril,2005,60.03,2.45
Turrialba,mayo,2005,140.76,4.9
Turrialba,junio,2005,240.12,9.8
Turrialba,julio,2005,372.6,12.6
Turrialba,agosto,2005,186.3,7.0
Turrialba,septiembre,2005,178.02,7.35
Turrialba,octubre,2005,,
Turrialba,noviembre,2005,,
Turrialba,diciembre,2005,274.9,9.8
Oreamuno,enero,2005,3000.38,118.4
Oreamuno,febrero,2005,2726.91,115.14
Oreamuno,marzo,2005,3857.77,152.43
Oreamuno,abril,2005,1011.56,41.91
Oreamuno,mayo,2005,1129.42,50.43
Oreamuno,junio,2005,1166.89,52.21
Oreamuno,julio,2005,1238.39,50.93
Oreamuno,agosto,2005,1455.83,60.28
Oreamuno,septiembre,2005,2824.54,114.8
Oreamuno,octubre,2005,1843.6,77.65
Oreamuno,noviembre,2005,1409.67,52.5
Oreamuno,diciembre,2005,934.37,41.11
El Guarco,enero,2005,49.94,3.34
El Guarco,febrero,2005,31.5,2.22
El Guarco,marzo,2005,,
El Guarco,abril,2005,,
El Guarco,mayo,2005,48.72,2.46
El Guarco,junio,2005,36.79,2.83
El Guarco,julio,2005,91.89,5.95
El Guarco,agosto,2005,34.77,2.16
El Guarco,septiembre,2005,68.15,3.87
El Guarco,octubre,2005,42.79,2.11
El Guarco,noviembre,2005,63.15,3.52
El Guarco,diciembre,2005,49.96,2.46
Cartago,enero,2005,1991.51,92.81
Cartago,febrero,2005,2225.56,99.27
Cartago,marzo,2005,1585.93,74.75
Cartago,abril,2005,101.02,4.9
Cartago,mayo,2005,488.93,22.76
Cartago,junio,2005,1753.28,69.31
Cartago,julio,2005,4211.09,160.48
Cartago,agosto,2005,193.22,11.03
Cartago,septiembre,2005,4761.66,226.65
Cartago,octubre,2005,2332.76,107.64
Cartago,noviembre,2005,770.45,30.8
Cartago,diciembre,2005,1027.75,46.91
Alvarado,enero,2005,433.03,18.92
Alvarado,febrero,2005,901.1,38.65
Alvarado,marzo,2005,855.38,39.03
Alvarado,abril,2005,1110.92,48.24
Alvarado,mayo,2005,2787.8,113.28
Alvarado,junio,2005,1841.52,77.37
Alvarado,julio,2005,999.49,39.03
Alvarado,agosto,2005,1336.79,47.95
Alvarado,septiembre,2005,1228.04,45.87
Alvarado,octubre,2005,743.48,26.09
Alvarado,noviembre,2005,256.68,9.1
Alvarado,diciembre,2005,815.38,33.97
Turrialba,enero,2006,68.72,2.45
Turrialba,febrero,2006,62.1,2.1
Turrialba,marzo,2006,,
Turrialba,abril,2006,180.5,6.3
Turrialba,mayo,2006,521.56,17.99
Turrialba,junio,2006,631.76,24.85
Turrialba,julio,2006,761.43,27.16
Turrialba,agosto,2006,209.48,6.3
Turrialba,septiembre,2006,176.36,5.6
Turrialba,octubre,2006,834.21,25.2
Turrialba,noviembre,2006,205.34,7.35
Turrialba,diciembre,2006,410.69,14.0
Oreamuno,enero,2006,1112.65,49.72
Oreamuno,febrero,2006,1976.32,84.66
Oreamuno,marzo,2006,3748.65,162.93
Oreamuno,abril,2006,477.77,22.07
Oreamuno,mayo,2006,1683.02,69.14
Oreamuno,junio,2006,1809.24,68.62
Oreamuno,julio,2006,941.85,35.0
Oreamuno,agosto,2006,942.25,37.48
Oreamuno,septiembre,2006,1073.37,44.44
Oreamuno,octubre,2006,1144.79,48.44
Oreamuno,noviembre,2006,190.56,8.23
Oreamuno,diciembre,2006,1797.51,74.05
El Guarco,enero,2006,2.83,0.18
El Guarco,febrero,2006,81.49,4.84
El Guarco,marzo,2006,55.4,4.49
El Guarco,abril,2006,9.77,0.84
El Guarco,mayo,2006,66.71,3.33
El Guarco,junio,2006,67.09,2.54
El Guarco,julio,2006,50.38,4.5
El Guarco,agosto,2006,8.28,0.7
El Guarco,septiembre,2006,124.76,6.22
El Guarco,octubre,2006,27.16,1.69
El Guarco,noviembre,2006,9.94,0.7
El Guarco,diciembre,2006,39.46,3.68
Cartago,enero,2006,1485.02,74.21
Cartago,febrero,2006,2601.9,124.09
Cartago,marzo,2006,2066.94,96.28
Cartago,abril,2006,287.73,12.95
Cartago,mayo,2006,458.4,21.53
Cartago,junio,2006,621.41,29.75
Cartago,julio,2006,376.33,18.55
Cartago,agosto,2006,,
Cartago,septiembre,2006,3373.14,162.95
Cartago,octubre,2006,2002.19,88.41
Cartago,noviembre,2006,,
Cartago,diciembre,2006,300.05,52.34
Alvarado,enero,2006,1701.45,69.84
Alvarado,febrero,2006,552.7,24.27
Alvarado,marzo,2006,527.14,22.02
Alvarado,abril,2006,1462.72,58.81
Alvarado,mayo,2006,2194.25,88.59
Alvarado,junio,2006,2237.46,88.4
Alvarado,julio,2006,1560.48,55.83
Alvarado,agosto,2006,1860.05,68.36
Alvarado,septiembre,2006,711.55,24.63
Alvarado,octubre,2006,894.83,31.68
Alvarado,noviembre,2006,429.94,16.46
Alvarado,diciembre,2006,778.31,29.46
Turrialba,enero,2007,31.05,1.05
Turrialba,febrero,2007,,
Turrialba,marzo,2007,,
Turrialba,abril,2007,14.9,0.7
Turrialba,mayo,2007,248.4,8.4
Turrialba,junio,2007,129.17,4.2
Turrialba,julio,2007,91.08,2.8
Turrialba,agosto,2007,659.27,20.48
Turrialba,septiembre,2007,697.59,21.0
Turrialba,octubre,2007,433.87,13.3
Turrialba,noviembre,2007,,
Turrialba,diciembre,2007,850.36,25.9
Oreamuno,enero,2007,2711.52,110.9
Oreamuno,febrero,2007,2159.84,87.85
Oreamuno,marzo,2007,288.14,12.25
Oreamuno,abril,2007,1571.83,65.99
Oreamuno,mayo,2007,845.8,35.71
Oreamuno,junio,2007,1831.29,76.31
Oreamuno,julio,2007,2544.44,94.5
Oreamuno,agosto,2007,709.51,30.19
Oreamuno,septiembre,2007,2792.63,116.89
Oreamuno,octubre,2007,2588.02,107.9
Oreamuno,noviembre,2007,1428.08,57.41
Oreamuno,diciembre,2007,986.89,42.9
El Guarco,enero,2007,50.14,3.69
El Guarco,febrero,2007,63.63,3.13
El Guarco,marzo,2007,8.28,0.7
El Guarco,abril,2007,,
El Guarco,mayo,2007,,
El Guarco,junio,2007,8.28,0.35
El Guarco,julio,2007,37.29,2.81
El Guarco,agosto,2007,12.75,0.98
El Guarco,septiembre,2007,51.3,3.54
El Guarco,octubre,2007,91.99,5.25
El Guarco,noviembre,2007,82.46,6.32
El Guarco,diciembre,2007,29.65,1.47
Cartago,enero,2007,894.17,71.24
Cartago,febrero,2007,3841.46,233.31
Cartago,marzo,2007,957.96,67.74
Cartago,abril,2007,,
Cartago,mayo,2007,626.48,33.78
Cartago,junio,2007,48.95,2.63
Cartago,julio,2007,374.26,19.95
Cartago,agosto,2007,4148.95,206.01
Cartago,septiembre,2007,2613.13,126.75
Cartago,octubre,2007,1426.22,62.66
Cartago,noviembre,2007,499.62,21.54
Cartago,diciembre,2007,417.9,25.21
Alvarado,enero,2007,1246.78,47.26
Alvarado,febrero,2007,445.05,15.4
Alvarado,marzo,2007,46.37,1.4
Alvarado,abril,2007,2258.55,90.79
Alvarado,mayo,2007,1904.07,75.65
Alvarado,junio,2007,1831.41,66.69
Alvarado,julio,2007,2549.58,79.63
Alvarado,agosto,2007,1174.52,39.77
Alvarado,septiembre,2007,478.8,16.52
Alvarado,octubre,2007,195.53,6.48
Alvarado,noviembre,2007,556.49,21.01
Alvarado,diciembre,2007,1356.43,59.47
Turrialba,enero,2008,92.74,2.8
Turrialba,febrero,2008,116.75,3.5
Turrialba,marzo,2008,,
Turrialba,abril,2008,167.26,7.7
Turrialba,mayo,2008,,
Turrialba,junio,2008,132.48,5.6
Turrialba,julio,2008,,
Turrialba,agosto,2008,,
Turrialba,septiembre,2008,,
Turrialba,octubre,2008,,
Turrialba,noviembre,2008,279.45,10.15
Turrialba,diciembre,2008,509.63,18.55
Oreamuno,enero,2008,1658.58,66.52
Oreamuno,febrero,2008,850.43,31.68
Oreamuno,marzo,2008,345.28,15.05
Oreamuno,abril,2008,2596.71,115.93
Oreamuno,mayo,2008,1857.69,77.55
Oreamuno,junio,2008,997.73,39.21
Oreamuno,julio,2008,2173.91,93.1
Oreamuno,agosto,2008,349.0,16.65
Oreamuno,septiembre,2008,1203.82,51.1
Oreamuno,octubre,2008,2401.2,97.3
Oreamuno,noviembre,2008,639.43,26.12
Oreamuno,diciembre,2008,658.97,27.8
El Guarco,enero,2008,43.06,2.8
El Guarco,febrero,2008,51.64,3.58
El Guarco,marzo,2008,27.66,1.4
El Guarco,abril,2008,22.72,1.87
El Guarco,mayo,2008,6.66,1.34
El Guarco,junio,2008,62.32,3.88
El Guarco,julio,2008,40.34,3.05
El Guarco,agosto,2008,21.02,1.51
El Guarco,septiembre,2008,54.72,4.05
El Guarco,octubre,2008,54.92,3.97
El Guarco,noviembre,2008,,
El Guarco,diciembre,2008,,
Cartago,enero,2008,2248.08,103.11
Cartago,febrero,2008,1928.72,90.13
Cartago,marzo,2008,1359.79,62.31
Cartago,abril,2008,334.8,16.98
Cartago,mayo,2008,374.11,17.69
Cartago,junio,2008,706.38,32.39
Cartago,julio,2008,1281.13,60.21
Cartago,agosto,2008,3920.76,185.9
Cartago,septiembre,2008,3036.84,135.48
Cartago,octubre,2008,1902.74,84.35
Cartago,noviembre,2008,,
Cartago,diciembre,2008,895.9,42.35
Alvarado,enero,2008,699.36,25.03
Alvarado,febrero,2008,774.42,27.17
Alvarado,marzo,2008,61.27,2.59
Alvarado,abril,2008,2296.85,95.94
Alvarado,mayo,2008,2092.73,86.5
Alvarado,junio,2008,2005.77,73.69
Alvarado,julio,2008,91.08,4.2
Alvarado,agosto,2008,2332.11,87.52
Alvarado,septiembre,2008,1571.95,59.75
Alvarado,octubre,2008,597.9,22.79
Alvarado,noviembre,2008,1122.86,39.73
Alvarado,diciembre,2008,520.61,20.8
Turrialba,enero,2009,3.68,92.01
Turrialba,febrero,2009,8.05,224.8
Turrialba,marzo,2009,2.8,66.24
Turrialba,abril,2009,4.9,128.34
Turrialba,mayo,2009,1.4,38.92
Turrialba,junio,2009,7.35,241.36
Turrialba,julio,2009,5.95,205.34
Turrialba,agosto,2009,11.9,381.71
Turrialba,septiembre,2009,31.85,1100.0
Turrialba,octubre,2009,8.4,284.42
Turrialba,noviembre,2009,8.4,322.92
Turrialba,diciembre,2009,10.85,274.9
Oreamuno,enero,2009,23.45,553.93
Oreamuno,febrero,2009,58.36,1416.22
Oreamuno,marzo,2009,71.05,1748.68
Oreamuno,abril,2009,124.16,2886.68
Oreamuno,mayo,2009,63.06,1512.0
Oreamuno,junio,2009,23.11,540.49
Oreamuno,julio,2009,83.83,2200.3
Oreamuno,agosto,2009,56.2,1399.0
Oreamuno,septiembre,2009,97.67,2503.0
Oreamuno,octubre,2009,36.58,990.17
Oreamuno,noviembre,2009,49.18,1323.0
Oreamuno,diciembre,2009,54.56,1343.42
El Guarco,enero,2009,,
El Guarco,febrero,2009,,
El Guarco,marzo,2009,,
El Guarco,abril,2009,,
El Guarco,mayo,2009,,
El Guarco,junio,2009,,
El Guarco,julio,2009,,
El Guarco,agosto,2009,,
El Guarco,septiembre,2009,,
El Guarco,octubre,2009,,
El Guarco,noviembre,2009,,
El Guarco,diciembre,2009,,
Cartago,enero,2009,41.66,876.66
Cartago,febrero,2009,112.21,2300.61
Cartago,marzo,2009,157.87,3353.65
Cartago,abril,2009,45.36,946.25
Cartago,mayo,2009,11.39,235.66
Cartago,junio,2009,21.35,513.36
Cartago,julio,2009,42.4,1082.16
Cartago,agosto,2009,226.99,5278.0
Cartago,septiembre,2009,156.48,3637.0
Cartago,octubre,2009,128.47,3252.0
Cartago,noviembre,2009,137.04,3590.0
Cartago,diciembre,2009,41.83,919.38
Alvarado,enero,2009,24.18,626.54
Alvarado,febrero,2009,26.63,604.66
Alvarado,marzo,2009,7.91,148.63
Alvarado,abril,2009,87.53,2060.58
Alvarado,mayo,2009,81.01,1883.13
Alvarado,junio,2009,42.02,1261.51
Alvarado,julio,2009,43.23,1035.09
Alvarado,agosto,2009,68.32,1816.0
Alvarado,septiembre,2009,74.24,2068.0
Alvarado,octubre,2009,29.59,745.66
Alvarado,noviembre,2009,8.05,211.14
Alvarado,diciembre,2009,27.52,638.15
Turrialba,enero,2010,0.53,7.52
Turrialba,febrero,2010,3.5,115.92
Turrialba,marzo,2010,,
Turrialba,abril,2010,,
Turrialba,mayo,2010,,
Turrialba,junio,2010,,
Turrialba,julio,2010,,
Turrialba,agosto,2010,,
Turrialba,septiembre,2010,,
Turrialba,octubre,2010,,
Turrialba,noviembre,2010,,
Turrialba,diciembre,2010,,
Oreamuno,enero,2010,59.0,1690.02
Oreamuno,febrero,2010,79.81,2176.62
Oreamuno,marzo,2010,48.13,1179.0
Oreamuno,abril,2010,46.03,1078.0
Oreamuno,mayo,2010,35.53,886.49
Oreamuno,junio,2010,26.43,615.32
Oreamuno,julio,2010,24.85,685.58
Oreamuno,agosto,2010,92.56,2250.0
Oreamuno,septiembre,2010,55.67,1467.0
Oreamuno,octubre,2010,58.28,1028.0
Oreamuno,noviembre,2010,56.08,693.0
Oreamuno,diciembre,2010,33.98,1064.04
El Guarco,enero,2010,,
El Guarco,febrero,2010,,
El Guarco,marzo,2010,,
El Guarco,abril,2010,,
El Guarco,mayo,2010,,
El Guarco,junio,2010,,
El Guarco,julio,2010,6.83,133.19
El Guarco,agosto,2010,,
El Guarco,septiembre,2010,,
El Guarco,octubre,2010,,
El Guarco,noviembre,2010,,
El Guarco,diciembre,2010,,
Cartago,enero,2010,153.69,3493.36
Cartago,febrero,2010,119.74,2767.51
Cartago,marzo,2010,5.95,113.02
Cartago,abril,2010,4.91,92.09
Cartago,mayo,2010,3.5,62.1
Cartago,junio,2010,4.73,90.96
Cartago,julio,2010,37.99,979.05
Cartago,agosto,2010,176.1,3729.0
Cartago,septiembre,2010,92.07,1893.0
Cartago,octubre,2010,42.36,515.0
Cartago,noviembre,2010,12.95,584.0
Cartago,diciembre,2010,41.3,812.68
Alvarado,enero,2010,45.09,1113.52
Alvarado,febrero,2010,20.17,504.96
Alvarado,marzo,2010,11.2,232.25
Alvarado,abril,2010,59.07,1419.0
Alvarado,mayo,2010,55.86,1426.0
Alvarado,junio,2010,40.82,1027.0
Alvarado,julio,2010,,
Alvarado,agosto,2010,49.48,1422.0
Alvarado,septiembre,2010,79.11,2445.0
Alvarado,octubre,2010,40.1,1078.0
Alvarado,noviembre,2010,13.48,738.0
Alvarado,diciembre,2010,9.81,289.63
Turrialba,enero,2011,,
Turrialba,febrero,2011,,
Turrialba,marzo,2011,,
Turrialba,abril,2011,4.2,109.3
Turrialba,mayo,2011,0.18,3.83
Turrialba,junio,2011,11.9,295.18
Turrialba,julio,2011,3.33,88.12
Turrialba,agosto,2011,,
Turrialba,septiembre,2011,,
Turrialba,octubre,2011,,
Turrialba,noviembre,2011,1.05,31.05
Turrialba,diciembre,2011,29.93,751.53
Oreamuno,enero,2011,34.84,392.0
Oreamuno,febrero,2011,54.08,1071.0
Oreamuno,marzo,2011,32.74,952.2
Oreamuno,abril,2011,67.17,1415.81
Oreamuno,mayo,2011,64.49,1578.58
Oreamuno,junio,2011,42.01,1059.25
Oreamuno,julio,2011,58.800000000000004,1441.5500000000002
Oreamuno,agosto,2011,68.49,1854.66
Oreamuno,septiembre,2011,68.35,727.8
Oreamuno,octubre,2011,64.1,1376.9
Oreamuno,noviembre,2011,57.9,875.6
Oreamuno,diciembre,2011,140.36,3774.87
El Guarco,enero,2011,,
El Guarco,febrero,2011,,
El Guarco,marzo,2011,,
El Guarco,abril,2011,,
El Guarco,mayo,2011,,
El Guarco,junio,2011,,
El Guarco,julio,2011,,
El Guarco,agosto,2011,,
El Guarco,septiembre,2011,,
El Guarco,octubre,2011,,
El Guarco,noviembre,2011,,
El Guarco,diciembre,2011,,
Cartago,enero,2011,61.97,183.0
Cartago,febrero,2011,74.2,2588.0
Cartago,marzo,2011,,
Cartago,abril,2011,15.94,412.46
Cartago,mayo,2011,7.7,182.16
Cartago,junio,2011,3.85,86.53
Cartago,julio,2011,32.379999999999995,842.2
Cartago,agosto,2011,39.04,949.42
Cartago,septiembre,2011,131.34,2362.1
Cartago,octubre,2011,73.48,1238.9
Cartago,noviembre,2011,46.0,766.21
Cartago,diciembre,2011,61.96,1581.3
Alvarado,enero,2011,18.38,460.0
Alvarado,febrero,2011,,
Alvarado,marzo,2011,9.1,130.0
Alvarado,abril,2011,62.72,1440.54
Alvarado,mayo,2011,87.47,2091.44
Alvarado,junio,2011,72.82,1799.01
Alvarado,julio,2011,135.34,3267.15
Alvarado,agosto,2011,79.88,2419.5
Alvarado,septiembre,2011,48.18,1176.7
Alvarado,octubre,2011,25.39,342.0
Alvarado,noviembre,2011,13.18,176.78
Alvarado,diciembre,2011,45.39,1178.72
Turrialba,enero,2012,,
Turrialba,febrero,2012,2.28,14.9
Turrialba,marzo,2012,,
Turrialba,abril,2012,,
Turrialba,mayo,2012,,
Turrialba,junio,2012,,
Turrialba,julio,2012,1.05,27.32
Turrialba,agosto,2012,10.61,252.62
Turrialba,septiembre,2012,1.6,37.3
Turrialba,octubre,2012,4.2,99.4
Turrialba,noviembre,2012,4.2,84.5
Turrialba,diciembre,2012,,
Oreamuno,enero,2012,51.98,911.2
Oreamuno,febrero,2012,61.97,1200.6
Oreamuno,marzo,2012,121.64,2624.3
Oreamuno,abril,2012,94.01,2020.58
Oreamuno,mayo,2012,54.11,1805.7
Oreamuno,junio,2012,29.93,1316.6
Oreamuno,julio,2012,39.22,968.73
Oreamuno,agosto,2012,82.79,1815.6599999999999
Oreamuno,septiembre,2012,55.8,1367.5
Oreamuno,octubre,2012,72.8,1676.7
Oreamuno,noviembre,2012,91.7,2247.2
Oreamuno,diciembre,2012,54.93,1442.6
El Guarco,enero,2012,,
El Guarco,febrero,2012,,
El Guarco,marzo,2012,,
El Guarco,abril,2012,,
El Guarco,mayo,2012,,
El Guarco,junio,2012,,
El Guarco,julio,2012,,
El Guarco,agosto,2012,,
El Guarco,septiembre,2012,,
El Guarco,octubre,2012,,
El Guarco,noviembre,2012,,
El Guarco,diciembre,2012,,
Cartago,enero,2012,93.77,1570.6
Cartago,febrero,2012,78.6,3053.0
Cartago,marzo,2012,54.78,2195.4
Cartago,abril,2012,18.91,1068.17
Cartago,mayo,2012,17.68,340.3
Cartago,junio,2012,11.489999999999998,189.86
Cartago,julio,2012,21.810000000000002,541.21
Cartago,agosto,2012,73.72,1731.54
Cartago,septiembre,2012,92.3,1983.8
Cartago,octubre,2012,49.0,1053.2
Cartago,noviembre,2012,24.5,558.9
Cartago,diciembre,2012,23.2,631.9
Alvarado,enero,2012,54.72,892.0
Alvarado,febrero,2012,44.91,1155.6
Alvarado,marzo,2012,11.21,254.8
Alvarado,abril,2012,73.59,2332.7200000000003
Alvarado,mayo,2012,76.84,1760.8
Alvarado,junio,2012,51.39,1409.05
Alvarado,julio,2012,130.28,3275.57
Alvarado,agosto,2012,71.07,2008.4099999999999
Alvarado,septiembre,2012,44.5,1038.6
Alvarado,octubre,2012,45.1,1122.6
Alvarado,noviembre,2012,27.7,736.9
Alvarado,diciembre,2012,42.14,1212.0
Turrialba,enero,2013,17.15,346.1
Turrialba,febrero,2013,,
Turrialba,marzo,2013,,
Turrialba,abril,2013,,
Turrialba,mayo,2013,,
Turrialba,junio,2013,,
Turrialba,julio,2013,1.925,53.95
Turrialba,agosto,2013,,
Turrialba,septiembre,2013,8.8,202.9
Turrialba,octubre,2013,,
Turrialba,noviembre,2013,5.6,132.5
Turrialba,diciembre,2013,6.37,104.0986
Oreamuno,enero,2013,36.38,839.9
Oreamuno,febrero,2013,49.69,1128.3
Oreamuno,marzo,2013,71.75,1702.0
Oreamuno,abril,2013,54.43,1401.8
Oreamuno,mayo,2013,61.949999999999996,1512.99
Oreamuno,junio,2013,12.6,231.0
Oreamuno,julio,2013,13.125,485.98
Oreamuno,agosto,2013,55.849999999999994,1408.5900000000001
Oreamuno,septiembre,2013,18.6,488.0
Oreamuno,octubre,2013,74.9,1682.0
Oreamuno,noviembre,2013,34.8,654.64
Oreamuno,diciembre,2013,68.85,1503.13
El Guarco,enero,2013,,
El Guarco,febrero,2013,,
El Guarco,marzo,2013,,
El Guarco,abril,2013,,
El Guarco,mayo,2013,,
El Guarco,junio,2013,1.4,31.51
El Guarco,julio,2013,0.175,3.735
El Guarco,agosto,2013,,
El Guarco,septiembre,2013,5.8,95.6
El Guarco,octubre,2013,0.9,18.6
El Guarco,noviembre,2013,,
El Guarco,diciembre,2013,14.0,498.0
Cartago,enero,2013,73.42,1650.9
Cartago,febrero,2013,46.3,1120.4
Cartago,marzo,2013,27.87,690.0
Cartago,abril,2013,35.39,896.5999999999999
Cartago,mayo,2013,45.24,1099.1
Cartago,junio,2013,38.15,872.3
Cartago,julio,2013,6.65,597.4300000000001
Cartago,agosto,2013,65.7,1525.9
Cartago,septiembre,2013,100.5,2285.6
Cartago,octubre,2013,35.2,834.35
Cartago,noviembre,2013,19.75,374.9525
Cartago,diciembre,2013,61.7,1084.6025
Alvarado,enero,2013,64.45,1454.1
Alvarado,febrero,2013,59.27,1504.3
Alvarado,marzo,2013,6.13,188.4
Alvarado,abril,2013,,
Alvarado,mayo,2013,6.65,190.94
Alvarado,junio,2013,11.2,314.6
Alvarado,julio,2013,20.888,444.14
Alvarado,agosto,2013,82.54,2276.73
Alvarado,septiembre,2013,47.1,1300.5
Alvarado,octubre,2013,57.74,1539.1078
Alvarado,noviembre,2013,47.13,1060.4406
Alvarado,diciembre,2013,67.46000000000001,1171.5367
Turrialba,enero,2014,11.8,249.0
Turrialba,febrero,2014,17.0,332.0
Turrialba,marzo,2014,,
Turrialba,abril,2014,5.424999999999999,199.2
Turrialba,mayo,2014,4.55,124.5
Turrialba,junio,2014,5.249999999999999,149.4
Turrialba,julio,2014,5.6,142.76
Turrialba,agosto,2014,13.0,328.0
Turrialba,septiembre,2014,13.0,328.0
Turrialba,octubre,2014,2.17,51.46
Turrialba,noviembre,2014,12.95,298.159
Turrialba,diciembre,2014,19.25,471.855
Oreamuno,enero,2014,71.5,893.1
Oreamuno,febrero,2014,131.3,1539.2
Oreamuno,marzo,2014,127.65,2942.6925
Oreamuno,abril,2014,72.035,1052.8999999999999
Oreamuno,mayo,2014,63.7,1061.6
Oreamuno,junio,2014,39.89999999999999,1215.4
Oreamuno,julio,2014,30.8,761.7325000000001
Oreamuno,agosto,2014,89.5,2049.49
Oreamuno,septiembre,2014,95.0,2000.0
Oreamuno,octubre,2014,90.45,2003.8200000000002
Oreamuno,noviembre,2014,144.905,3840.825
Oreamuno,diciembre,2014,114.8,2954.8
El Guarco,enero,2014,,
El Guarco,febrero,2014,,
El Guarco,marzo,2014,,
El Guarco,abril,2014,,
El Guarco,mayo,2014,,
El Guarco,junio,2014,,
El Guarco,julio,2014,,
El Guarco,agosto,2014,,
El Guarco,septiembre,2014,,
El Guarco,octubre,2014,,
El Guarco,noviembre,2014,0.74,18.39
El Guarco,diciembre,2014,,
Cartago,enero,2014,76.4,1305.3
Cartago,febrero,2014,93.3,1417.9
Cartago,marzo,2014,58.224999999999994,862.9875000000001
Cartago,abril,2014,1.7499999999999998,18.7
Cartago,mayo,2014,1.925,46.7
Cartago,junio,2014,8.4,141.1
Cartago,julio,2014,9.799999999999999,206.67
Cartago,agosto,2014,94.025,2041.1825
Cartago,septiembre,2014,79.0,1839.0
Cartago,octubre,2014,17.2,419.6
Cartago,noviembre,2014,32.9,1008.955
Cartago,diciembre,2014,65.18,1875.385
Alvarado,enero,2014,50.5,715.12
Alvarado,febrero,2014,56.5,954.7
Alvarado,marzo,2014,51.224999999999994,816.9274999999999
Alvarado,abril,2014,81.19999999999996,1760.2
Alvarado,mayo,2014,86.8,1875.6
Alvarado,junio,2014,128.275,2904.3799999999997
Alvarado,julio,2014,121.2687,3212.375
Alvarado,agosto,2014,61.0,2757.83
Alvarado,septiembre,2014,60.0,1429.0
Alvarado,octubre,2014,56.0,1301.0
Alvarado,noviembre,2014,65.39,1826.8798
Alvarado,diciembre,2014,132.42,3534.6
Turrialba,enero,2015,5.6,119.0
Turrialba,febrero,2015,18.549999999999997,525.925
Turrialba,marzo,2015,1.4,30.0
Turrialba,abril,2015,7.7,183.0
Turrialba,mayo,2015,29.6,878.0
Turrialba,junio,2015,35.35,879.45
Turrialba,julio,2015,58.45,1415.15
Turrialba,agosto,2015,76.8,2053.47
Turrialba,septiembre,2015,8.4,199.2
Turrialba,octubre,2015,7.7,190.9
Turrialba,noviembre,2015,14.7,356.8999999999999
Turrialba,diciembre,2015,3.15,91.3
Oreamuno,enero,2015,36.4,848.0
Oreamuno,febrero,2015,62.2,1467.0
Oreamuno,marzo,2015,102.8,2269.815
Oreamuno,abril,2015,29.95,697.28
Oreamuno,mayo,2015,8.4,194.0
Oreamuno,junio,2015,7.699999999999999,182.2
Oreamuno,julio,2015,18.375,441.975
Oreamuno,agosto,2015,60.9,1339.6
Oreamuno,septiembre,2015,102.7,2333.6
Oreamuno,octubre,2015,93.7,2194.56
Oreamuno,noviembre,2015,57.275,1530.0700000000002
Oreamuno,diciembre,2015,53.339999999999996,1341.4045
El Guarco,enero,2015,2.1,37.0
El Guarco,febrero,2015,0.049,0.8134
El Guarco,marzo,2015,3.018,49.4462
El Guarco,abril,2015,0.4,8.0
El Guarco,mayo,2015,0.7,13.0
El Guarco,junio,2015,,
El Guarco,julio,2015,2.5339999999999994,58.11659999999999
El Guarco,agosto,2015,1.2,17.4
El Guarco,septiembre,2015,0.7,12.5
El Guarco,octubre,2015,4.6129999999999995,110.751
El Guarco,noviembre,2015,2.738,63.738
El Guarco,diciembre,2015,31.85,1204.3300000000002
Cartago,enero,2015,79.85,1638.0
Cartago,febrero,2015,32.65,715.9
Cartago,marzo,2015,105.05,2597.245
Cartago,abril,2015,74.4,1862.0
Cartago,mayo,2015,35.3,878.0
Cartago,junio,2015,72.4,1775.88
Cartago,julio,2015,78.4,2023.125
Cartago,agosto,2015,105.66499999999999,2675.6455
Cartago,septiembre,2015,212.04999999999998,5111.900000000001
Cartago,octubre,2015,68.6,1734.5
Cartago,noviembre,2015,50.75,1231.411
Cartago,diciembre,2015,57.4,1355.42
Alvarado,enero,2015,48.6,1198.5
Alvarado,febrero,2015,52.5,1133.45
Alvarado,marzo,2015,74.58,1621.417
Alvarado,abril,2015,59.300000000000004,1395.0
Alvarado,mayo,2015,92.9,2188.0
Alvarado,junio,2015,87.60000000000001,2207.2
Alvarado,julio,2015,78.27000000000001,1945.1349999999998
Alvarado,agosto,2015,75.6,1893.1
Alvarado,septiembre,2015,122.2,3286.9
Alvarado,octubre,2015,79.6,1966.9099999999999
Alvarado,noviembre,2015,64.75,1627.6599999999999
Alvarado,diciembre,2015,84.875,2146.588
Turrialba,enero,2016,7.0,165.6
Turrialba,febrero,2016,0.7,16.6
Turrialba,marzo,2016,,
Turrialba,abril,2016,,
Turrialba,mayo,2016,,
Turrialba,junio,2016,,
Turrialba,julio,2016,11.199999999999998,289.66999999999996
Turrialba,agosto,2016,23.099999999999998,616.69
Turrialba,septiembre,2016,49.35,1261.6000000000001
Turrialba,octubre,2016,11.55,329.13
Turrialba,noviembre,2016,1.75,45.54
Turrialba,diciembre,2016,42.14,1112.75
Oreamuno,enero,2016,54.7,1190.9
Oreamuno,febrero,2016,75.0,1659.95
Oreamuno,marzo,2016,160.65,3386.75
Oreamuno,abril,2016,103.08000000000001,2245.98
Oreamuno,mayo,2016,40.95,927.5250000000003
Oreamuno,junio,2016,44.27499999999999,1166.9799999999998
Oreamuno,julio,2016,42.875,1046.0075000000002
Oreamuno,agosto,2016,105.0,2699.7825000000003
Oreamuno,septiembre,2016,98.875,2347.6549999999997
Oreamuno,octubre,2016,65.1,1767.07
Oreamuno,noviembre,2016,57.755,1526.165
Oreamuno,diciembre,2016,125.475,3181.765
El Guarco,enero,2016,2.1,49.7
El Guarco,febrero,2016,2.1,49.7
El Guarco,marzo,2016,0.7849999999999999,15.62
El Guarco,abril,2016,0.44,11.41
El Guarco,mayo,2016,1.9249999999999998,41.5
El Guarco,junio,2016,0.35,8.715
El Guarco,julio,2016,2.4499999999999997,68.06
El Guarco,agosto,2016,,
El Guarco,septiembre,2016,,
El Guarco,octubre,2016,1.7499999999999998,38.09
El Guarco,noviembre,2016,1.5749999999999997,34.36
El Guarco,diciembre,2016,4.325999999999999,94.41
Cartago,enero,2016,73.2,1461.4
Cartago,febrero,2016,50.6,1407.5
Cartago,marzo,2016,57.05,1679.55
Cartago,abril,2016,17.5,491.57000000000005
Cartago,mayo,2016,8.75,197.53999999999996
Cartago,junio,2016,,
Cartago,julio,2016,20.65,509.20500000000004
Cartago,agosto,2016,104.825,2476.72
Cartago,septiembre,2016,68.80999999999999,1551.8925000000004
Cartago,octubre,2016,56.49000000000001,1367.01
Cartago,noviembre,2016,41.650000000000006,1044.6425
Cartago,diciembre,2016,47.78,1078.505
Alvarado,enero,2016,83.33,2119.1
Alvarado,febrero,2016,42.699999999999996,1122.83
Alvarado,marzo,2016,92.41,2302.15
Alvarado,abril,2016,130.54,3135.25
Alvarado,mayo,2016,93.3184,2164.514669999999
Alvarado,junio,2016,149.24699999999999,3990.2665
Alvarado,julio,2016,140.448,3882.5242000000003
Alvarado,agosto,2016,109.82300000000001,2759.1192
Alvarado,septiembre,2016,83.95100000000001,2044.4394000000013
Alvarado,octubre,2016,63.482,1619.9413
Alvarado,noviembre,2016,82.36500000000001,2293.26
Alvarado,diciembre,2016,114.69,3302.34
Turrialba,enero,2017,6.859999999999999,197.1468
Turrialba,febrero,2017,7.0699999999999985,191.682
Turrialba,marzo,2017,,
Turrialba,abril,2017,4.199999999999999,124.19999999999999
Turrialba,mayo,2017,7.7,222.732
Turrialba,junio,2017,64.05,1841.8899999999999
Turrialba,julio,2017,11.9,346.93
Turrialba,agosto,2017,5.949999999999999,166.84199999999998
Turrialba,septiembre,2017,9.1,247.158
Turrialba,octubre,2017,16.45,454.16
Turrialba,noviembre,2017,33.25,950.13
Turrialba,diciembre,2017,7.0,203.688
Oreamuno,enero,2017,42.69999999999999,1121.526
Oreamuno,febrero,2017,56.49,1344.2620000000002
Oreamuno,marzo,2017,73.15,1750.43
Oreamuno,abril,2017,54.425,1369.0980000000002
Oreamuno,mayo,2017,57.925,1513.998
Oreamuno,junio,2017,29.049999999999997,855.1129999999999
Oreamuno,julio,2017,75.95500000000001,2013.0729999999999
Oreamuno,agosto,2017,123.27000000000001,3152.446
Oreamuno,septiembre,2017,91.17999999999999,2437.01
Oreamuno,octubre,2017,49.875,1357.096
Oreamuno,noviembre,2017,81.72500000000001,2523.5389999999998
Oreamuno,diciembre,2017,67.2,1919.3
El Guarco,enero,2017,3.1499999999999995,75.141
El Guarco,febrero,2017,2.2749999999999995,53.199
El Guarco,marzo,2017,0.1775,4.557
El Guarco,abril,2017,0.4375,10.556999999999999
El Guarco,mayo,2017,1.75,42.228
El Guarco,junio,2017,2.45,62.945
El Guarco,julio,2017,9.45,243.02
El Guarco,agosto,2017,5.1625,140.13899999999998
El Guarco,septiembre,2017,7.0,182.16
El Guarco,octubre,2017,2.2749999999999995,59.201999999999984
El Guarco,noviembre,2017,6.4750000000000005,164.356
El Guarco,diciembre,2017,1.75,44.3
Cartago,enero,2017,65.975,1578.996
Cartago,febrero,2017,31.5,672.336
Cartago,marzo,2017,30.8,772.91
Cartago,abril,2017,15.925,381.087
Cartago,mayo,2017,5.075,114.471
Cartago,junio,2017,10.5,244.26
Cartago,julio,2017,8.75,214.038
Cartago,agosto,2017,204.39999999999998,5045.835999999999
Cartago,septiembre,2017,103.255,2604.06
Cartago,octubre,2017,46.379999999999995,1289.198
Cartago,noviembre,2017,21.525,608.58
Cartago,diciembre,2017,56.769999999999996,1446.9299999999998
Alvarado,enero,2017,108.13600000000001,2870.50212
Alvarado,febrero,2017,71.975,1762.73113
Alvarado,marzo,2017,66.472,1636.79
Alvarado,abril,2017,78.071,2136.972779999999
Alvarado,mayo,2017,61.495,1741.724496
Alvarado,junio,2017,89.77499999999999,2570.319
Alvarado,julio,2017,139.34,4008.764
Alvarado,agosto,2017,114.98,3297.098
Alvarado,septiembre,2017,45.84999999999999,1247.175
Alvarado,octubre,2017,43.04999999999999,1342.1879999999999
Alvarado,noviembre,2017,54.075,1816.2179999999996
Alvarado,diciembre,2017,52.968999999999994,1392.5221199999994
Turrialba,enero,2018,3.5,93.562
Turrialba,febrero,2018,19.6,544.826
Turrialba,marzo,2018,13.3,357.69599999999997
Turrialba,abril,2018,4.8999999999999995,127.51199999999999
Turrialba,mayo,2018,10.849999999999998,282.348
Turrialba,junio,2018,60.89999999999999,1609.632
Turrialba,julio,2018,14.174999999999997,368.87399999999997
Turrialba,agosto,2018,36.39999999999999,947.232
Turrialba,septiembre,2018,18.9,491.832
Turrialba,octubre,2018,11.55,303.044
Turrialba,noviembre,2018,30.275,795.298
Turrialba,diciembre,2018,12.950000000000001,336.994
Oreamuno,enero,2018,22.4,540.27
Oreamuno,febrero,2018,21.35,581.875
Oreamuno,marzo,2018,41.089999999999996,982.508
Oreamuno,abril,2018,64.4,1519.79
Oreamuno,mayo,2018,65.485,1740.8699999999997
Oreamuno,junio,2018,34.64999999999999,1122.5609999999997
Oreamuno,julio,2018,92.4,2281.138
Oreamuno,agosto,2018,91.85,2527.1
Oreamuno,septiembre,2018,44.49,1024.8600000000001
Oreamuno,octubre,2018,56.7,1518.552
Oreamuno,noviembre,2018,38.78,937.5444
Oreamuno,diciembre,2018,89.91999999999999,2240.774
El Guarco,enero,2018,1.225,31.877999999999993
El Guarco,febrero,2018,2.0125,52.371
El Guarco,marzo,2018,0.175,4.554
El Guarco,abril,2018,,
El Guarco,mayo,2018,,
El Guarco,junio,2018,,
El Guarco,julio,2018,,
El Guarco,agosto,2018,,
El Guarco,septiembre,2018,,
El Guarco,octubre,2018,,
El Guarco,noviembre,2018,6.545,181.2906
El Guarco,diciembre,2018,18.619999999999997,517.0446
Cartago,enero,2018,67.55,1781.6489999999992
Cartago,febrero,2018,116.02499999999999,2805.057
Cartago,marzo,2018,123.55,3141.018000000002
Cartago,abril,2018,39.900000000000006,891.547
Cartago,mayo,2018,23.975,588.501
Cartago,junio,2018,12.249999999999996,281.93399999999997
Cartago,julio,2018,39.9,945.372
Cartago,agosto,2018,110.075,2635.938
Cartago,septiembre,2018,65.8,1590.1739999999998
Cartago,octubre,2018,41.475,1002.708
Cartago,noviembre,2018,70.53,1656.626
Cartago,diciembre,2018,79.35000000000001,2002.77
Alvarado,enero,2018,37.8,967.9319999999999
Alvarado,febrero,2018,55.92999999999999,1368.1043999999997
Alvarado,marzo,2018,80.43,1840.022
Alvarado,abril,2018,103.01,2564.75
Alvarado,mayo,2018,92.07099999999997,2355.7428
Alvarado,junio,2018,125.825,3366.4409999999975
Alvarado,julio,2018,106.74999999999999,3395.421
Alvarado,agosto,2018,94.875,2160.8230000000003
Alvarado,septiembre,2018,43.014999999999986,1244.898
Alvarado,octubre,2018,47.42499999999998,1341.774
Alvarado,noviembre,2018,52.5,1552.0900000000001
Alvarado,diciembre,2018,55.175000000000004,1454.672
Turrialba,enero,2019,21.699999999999996,564.696
Turrialba,febrero,2019,32.900000000000006,856.154
Turrialba,marzo,2019,9.8,255.026
Turrialba,abril,2019,22.4,582.912
Turrialba,mayo,2019,17.849999999999998,464.508
Turrialba,junio,2019,11.199999999999998,291.45599999999996
Turrialba,julio,2019,,
Turrialba,agosto,2019,13.649999999999999,403.65000000000003
Turrialba,septiembre,2019,,
Turrialba,octubre,2019,11.409999999999998,332.44199999999995
Turrialba,noviembre,2019,6.299999999999999,186.29999999999998
Turrialba,diciembre,2019,7.349999999999999,217.34999999999997
Oreamuno,enero,2019,59.885000000000005,1600.938
Oreamuno,febrero,2019,49.559999999999995,1214.885
Oreamuno,marzo,2019,71.435,1721.616
Oreamuno,abril,2019,39.06,874.164
Oreamuno,mayo,2019,22.939000000000004,523.3373999999999
Oreamuno,junio,2019,4.375,116.748
Oreamuno,julio,2019,15.580000000000002,367.42600000000004
Oreamuno,agosto,2019,82.78,2039.5700000000002
Oreamuno,septiembre,2019,87.36,2047.73
Oreamuno,octubre,2019,61.254999999999995,1622.051
Oreamuno,noviembre,2019,46.025,1184.454
Oreamuno,diciembre,2019,47.78,1034.1680000000001
El Guarco,enero,2019,6.299999999999999,173.052
El Guarco,febrero,2019,6.194999999999999,163.2816
El Guarco,marzo,2019,3.9450000000000003,110.2936
El Guarco,abril,2019,4.3365,119.89853999999998
El Guarco,mayo,2019,0.8574999999999999,24.2397
El Guarco,junio,2019,1.5924999999999998,42.2901
El Guarco,julio,2019,5.95,174.087
El Guarco,agosto,2019,5.949999999999999,174.087
El Guarco,septiembre,2019,11.724999999999996,332.028
El Guarco,octubre,2019,14.165,415.116
El Guarco,noviembre,2019,3.15,92.74
El Guarco,diciembre,2019,6.83,194.99
Cartago,enero,2019,44.625,1071.4319999999998
Cartago,febrero,2019,34.300000000000004,825.9299999999998
Cartago,marzo,2019,24.360000000000003,556.828
Cartago,abril,2019,9.274999999999999,210.10500000000002
Cartago,mayo,2019,11.9,281.52
Cartago,junio,2019,10.149999999999999,228.114
Cartago,julio,2019,31.849999999999998,787.43
Cartago,agosto,2019,115.35999999999999,2788.91
Cartago,septiembre,2019,62.37000000000002,1498.2659999999994
Cartago,octubre,2019,35.385,868.158
Cartago,noviembre,2019,34.08,870.05
Cartago,diciembre,2019,48.010000000000005,1276.2
Alvarado,enero,2019,83.62,2110.2034
Alvarado,febrero,2019,81.02499999999999,2017.98304
Alvarado,marzo,2019,42.537,1008.43344
Alvarado,abril,2019,125.5,3127.98
Alvarado,mayo,2019,98.81899999999997,2496.734640000001
Alvarado,junio,2019,84.0,2292.732
Alvarado,julio,2019,47.730000000000004,1416.464
Alvarado,agosto,2019,75.25,2244.5040000000004
Alvarado,septiembre,2019,49.96,1400.6399999999999
Alvarado,octubre,2019,29.049999999999994,755.5500000000001
Alvarado,noviembre,2019,65.63,2000.8600000000001
Alvarado,diciembre,2019,34.23,833.6300000000001
Turrialba,enero,2020,15.399999999999997,455.39999999999986
Turrialba,febrero,2020,23.45,800.6800000000001
Turrialba,marzo,2020,10.5,339.066
Turrialba,abril,2020,41.58,1533.456
Turrialba,mayo,2020,44.1,1309.3163999999997
Turrialba,junio,2020,49.98,1694.664
Turrialba,julio,2020,47.67,1555.07
Turrialba,agosto,2020,56.559999999999995,2012.62
Turrialba,septiembre,2020,41.86,1486.0116
Turrialba,octubre,2020,31.990000000000002,1190.4944
Turrialba,noviembre,2020,23.450000000000003,899.2059999999999
Turrialba,diciembre,2020,12.95,506.73599999999993
Oreamuno,enero,2020,19.425,423.72499999999997
Oreamuno,febrero,2020,26.599999999999998,559.5209999999997
Oreamuno,marzo,2020,33.25,805.646
Oreamuno,abril,2020,27.479999999999997,685.79
Oreamuno,mayo,2020,29.75,762.38
Oreamuno,junio,2020,46.03,1209.5
Oreamuno,julio,2020,52.5,1310.31
Oreamuno,agosto,2020,23.1,555.59
Oreamuno,septiembre,2020,1.05,22.36
Oreamuno,octubre,2020,,
Oreamuno,noviembre,2020,23.1,503.01
Oreamuno,diciembre,2020,31.15,823.0319999999999
El Guarco,enero,2020,4.221,122.54399999999998
El Guarco,febrero,2020,4.725,128.129
El Guarco,marzo,2020,4.637499999999999,122.339
El Guarco,abril,2020,2.28,66.24
El Guarco,mayo,2020,2.4,58.42
El Guarco,junio,2020,8.879999999999999,208.65
El Guarco,julio,2020,3.36,89.34
El Guarco,agosto,2020,3.1149999999999998,66.32279999999999
El Guarco,septiembre,2020,,
El Guarco,octubre,2020,,
El Guarco,noviembre,2020,,
El Guarco,diciembre,2020,,
Cartago,enero,2020,51.25399999999999,1225.5641999999996
Cartago,febrero,2020,57.434999999999995,1380.9384
Cartago,marzo,2020,54.46,1371.0819999999999
Cartago,abril,2020,25.03,598.23
Cartago,mayo,2020,4.55,99.36
Cartago,junio,2020,13.06,293.53
Cartago,julio,2020,38.43,927.1199999999999
Cartago,agosto,2020,57.51,1475.4899999999998
Cartago,septiembre,2020,17.85,466.99
Cartago,octubre,2020,13.229999999999999,312.984
Cartago,noviembre,2020,0.35,8.28
Cartago,diciembre,2020,28.524999999999995,660.9923999999999
Alvarado,enero,2020,50.92499999999998,1274.4990000000003
Alvarado,febrero,2020,39.02499999999999,905.8319999999998
Alvarado,marzo,2020,39.62,980.2732
Alvarado,abril,2020,102.33500000000001,2473.339
Alvarado,mayo,2020,105.80500000000002,2642.3136
Alvarado,junio,2020,100.62499999999999,2768.6249999999995
Alvarado,julio,2020,115.85,3066.71
Alvarado,agosto,2020,115.08000000000001,3206.634
Alvarado,septiembre,2020,49.69999999999999,1376.1360000000002
Alvarado,octubre,2020,47.60000000000001,1244.07
Alvarado,noviembre,2020,40.71,1199.982
Alvarado,diciembre,2020,69.195,1908.8298000000004
Turrialba,enero,2021,10.149999999999999,385.43399999999997
Turrialba,febrero,2021,15.049999999999999,589.536
Turrialba,marzo,2021,3.8499999999999996,114.47999999999999
Turrialba,abril,2021,33.949999999999996,1022.688
Turrialba,mayo,2021,48.64999999999999,1578.5520000000001
Turrialba,junio,2021,79.8,2604.632
Turrialba,julio,2021,24.36,770.8320000000001
Turrialba,agosto,2021,42.699999999999996,1296.588
Turrialba,septiembre,2021,41.3,1242.32
Turrialba,octubre,2021,32.19999999999999,975.2
Turrialba,noviembre,2021,15.4,463.68
Turrialba,diciembre,2021,50.4,1620.4
Oreamuno,enero,2021,24.149999999999995,601.7489999999999
Oreamuno,febrero,2021,55.12500000000001,1419.1919999999998
Oreamuno,marzo,2021,81.55000000000001,2008.906
Oreamuno,abril,2021,24.675,609.4999999999999
Oreamuno,mayo,2021,25.689999999999994,617.5559999999999
Oreamuno,junio,2021,14.35,396.43999999999994
Oreamuno,julio,2021,20.825,596.144
Oreamuno,agosto,2021,12.424999999999999,351.4960000000001
Oreamuno,septiembre,2021,21.174999999999997,564.1320000000001
Oreamuno,octubre,2021,13.649999999999997,395.8040000000001
Oreamuno,noviembre,2021,13.65,348.88
Oreamuno,diciembre,2021,53.9,1394.15
El Guarco,enero,2021,,
El Guarco,febrero,2021,0.875,18.02
El Guarco,marzo,2021,52.675,1403.864
El Guarco,abril,2021,3.6959999999999997,92.94928000000002
El Guarco,mayo,2021,3.5524999999999993,91.56280000000001
El Guarco,junio,2021,6.859999999999999,167.1408
El Guarco,julio,2021,3.33,83.736
El Guarco,agosto,2021,1.23,26.072000000000003
El Guarco,septiembre,2021,0.175,4.8759999999999994
El Guarco,octubre,2021,0.175,4.8759999999999994
El Guarco,noviembre,2021,1.75,37.26
El Guarco,diciembre,2021,2.98,81.14
Cartago,enero,2021,43.617000000000004,1038.3699599999998
Cartago,febrero,2021,33.39,760.8491999999998
Cartago,marzo,2021,27.685000000000002,680.062
Cartago,abril,2021,15.715,365.662
Cartago,mayo,2021,10.57,255.0784
Cartago,junio,2021,5.249999999999999,126.776
Cartago,julio,2021,25.970000000000002,650.5867999999999
Cartago,agosto,2021,87.89,2214.38
Cartago,septiembre,2021,79.07,2074.84
Cartago,octubre,2021,48.65,1307.19
Cartago,noviembre,2021,36.4,945.14
Cartago,diciembre,2021,73.14999999999999,1829.754
Alvarado,enero,2021,19.39,564.0336
Alvarado,febrero,2021,47.355,1338.5828000000001
Alvarado,marzo,2021,41.440000000000005,1111.7196
Alvarado,abril,2021,131.63500000000002,3528.358
Alvarado,mayo,2021,142.485,3885.0696000000003
Alvarado,junio,2021,97.405,2862.004
Alvarado,julio,2021,83.78999999999999,2564.1804
Alvarado,agosto,2021,35.74,1150.31
Alvarado,septiembre,2021,46.02499999999999,1545.9039999999998
Alvarado,octubre,2021,23.624999999999993,734.3679999999999
Alvarado,noviembre,2021,44.7,1551.816
Alvarado,diciembre,2021,50.050000000000004,1458.584
Turrialba,enero,2022,47.94999999999999,1588.1039999999998
Turrialba,febrero,2022,69.99999999999999,2298.5280000000002
Turrialba,marzo,2022,13.649999999999999,362.794
Turrialba,abril,2022,40.774999999999984,970.1500799999999
Turrialba,mayo,2022,56.34999999999999,1347.52272
Turrialba,junio,2022,102.2,2430.7628799999998
Turrialba,julio,2022,14.700000000000001,395.7944
Turrialba,agosto,2022,24.5,811.44
Turrialba,septiembre,2022,35.14,1163.84
Turrialba,octubre,2022,19.6,649.15
Turrialba,noviembre,2022,32.2,1066.6100000000001
Turrialba,diciembre,2022,18.900000000000002,580.3
Oreamuno,enero,2022,48.650000000000006,1327.077
Oreamuno,febrero,2022,46.024999999999984,1351.2959999999996
Oreamuno,marzo,2022,76.09,1973.332
Oreamuno,abril,2022,54.43,1502.52
Oreamuno,mayo,2022,9.869999999999997,247.05273599999998
Oreamuno,junio,2022,5.599999999999999,151.40472
Oreamuno,julio,2022,18.48,482.6032
Oreamuno,agosto,2022,48.62,1133.52
Oreamuno,septiembre,2022,53.55,1258.02
Oreamuno,octubre,2022,49.28,1306.92
Oreamuno,noviembre,2022,42.46,975.4300000000001
Oreamuno,diciembre,2022,147.0,3997.98
El Guarco,enero,2022,2.0999999999999996,58.373999999999995
El Guarco,febrero,2022,4.7299999999999995,115.97999999999999
El Guarco,marzo,2022,3.6799999999999997,95.86
El Guarco,abril,2022,1.0499999999999998,28.9968
El Guarco,mayo,2022,0.875,25.89
El Guarco,junio,2022,1.7499999999999998,44.73792
El Guarco,julio,2022,1.75,40.58832
El Guarco,agosto,2022,1.4,30.64656
El Guarco,septiembre,2022,9.07,161.46
El Guarco,octubre,2022,4.38,88.6
El Guarco,noviembre,2022,7.79,160.32
El Guarco,diciembre,2022,2.9050000000000002,72.326304
Cartago,enero,2022,65.10000000000001,1560.1589999999997
Cartago,febrero,2022,59.185,1456.8659999999993
Cartago,marzo,2022,21.805,514.434
Cartago,abril,2022,9.45,230.862
Cartago,mayo,2022,2.6249999999999996,55.9224
Cartago,junio,2022,3.3249999999999993,72.90624
Cartago,julio,2022,24.645000000000003,568.9631999999999
Cartago,agosto,2022,45.89,1090.06
Cartago,septiembre,2022,35.95,871.26
Cartago,octubre,2022,26.43,609.82
Cartago,noviembre,2022,40.92,960.76
Cartago,diciembre,2022,35.63,881.0699999999999
Alvarado,enero,2022,57.81999999999998,1591.4159999999997
Alvarado,febrero,2022,57.74999999999999,1557.054
Alvarado,marzo,2022,33.495,862.2468
Alvarado,abril,2022,70.73500000000001,1853.52
Alvarado,mayo,2022,92.85500000000003,2526.8639999999996
Alvarado,junio,2022,74.49000000000001,2189.96952
Alvarado,julio,2022,55.650000000000006,1922.6110399999998
Alvarado,agosto,2022,40.95,1373.692
Alvarado,septiembre,2022,42.49,1561.19
Alvarado,octubre,2022,39.87,1215.35
Alvarado,noviembre,2022,29.02,826.27
Alvarado,diciembre,2022,58.17,1688.8564800000001
Turrialba,enero,2023,43.39999999999999,1196.32512
Turrialba,febrero,2023,27.3,806.11104
Turrialba,marzo,2023,8.02,242.12488
Turrialba,abril,2023,21.14,625.5024000000001
Turrialba,mayo,2023,39.06,1155.7296
Turrialba,junio,2023,31.5,932.0399999999998
Turrialba,julio,2023,55.895,1653.8508
Turrialba,agosto,2023,32.69,960.6225599999998
Turrialba,septiembre,2023,60.55,1784.96016
Turrialba,octubre,2023,15.05,445.30799999999994
Turrialba,noviembre,2023,22.4,662.484
Turrialba,diciembre,2023,50.74999999999999,1397.2499999999998
Oreamuno,enero,2023,78.50500000000002,2119.2518399999994
Oreamuno,febrero,2023,62.26499999999999,1645.6926720000008
Oreamuno,marzo,2023,73.43,1825.30744
Oreamuno,abril,2023,44.980000000000004,1115.5528
Oreamuno,mayo,2023,31.29,765.8469120000002
Oreamuno,junio,2023,55.089999999999996,1320.5971200000001
Oreamuno,julio,2023,65.87,1565.8239999999998
Oreamuno,agosto,2023,110.92,2646.91064
Oreamuno,septiembre,2023,75.36,1803.1468
Oreamuno,octubre,2023,114.8,2723.8765439999997
Oreamuno,noviembre,2023,166.63500000000002,3957.63608
Oreamuno,diciembre,2023,69.125,2088.6299999999997
El Guarco,enero,2023,2.8,55.50816
El Guarco,febrero,2023,0.48999999999999994,10.438848
El Guarco,marzo,2023,1.988,167.0878464
El Guarco,abril,2023,0.7,16.5696
El Guarco,mayo,2023,0.7,10.77024
El Guarco,junio,2023,1.715,40.264128
El Guarco,julio,2023,1.75,38.112880000000004
El Guarco,agosto,2023,3.15,54.92822399999999
El Guarco,septiembre,2023,4.375,128.82864
El Guarco,octubre,2023,4.305,89.807232
El Guarco,noviembre,2023,3.1499999999999995,96.10368
El Guarco,diciembre,2023,2.2399999999999998,67.3992
Cartago,enero,2023,32.31,788.7176
Cartago,febrero,2023,34.440000000000005,802.1343360000001
Cartago,marzo,2023,31.745,787.3011839999999
Cartago,abril,2023,6.999999999999999,159.06816
Cartago,mayo,2023,4.655,109.525056
Cartago,junio,2023,2.8,66.2784
Cartago,julio,2023,15.981000000000002,370.827248
Cartago,agosto,2023,21.489999999999995,522.35664
Cartago,septiembre,2023,68.00500000000001,1668.7244159999998
Cartago,octubre,2023,15.225,371.98751999999996
Cartago,noviembre,2023,15.05,393.245472
Cartago,diciembre,2023,47.809999999999995,1131.91392
Alvarado,enero,2023,39.06,1027.52232
Alvarado,febrero,2023,27.859999999999996,667.092096
Alvarado,marzo,2023,21.175,557.98328
Alvarado,abril,2023,38.5,991.69056
Alvarado,mayo,2023,59.170999999999985,1559.282208
Alvarado,junio,2023,58.415000000000006,1738.2338879999998
Alvarado,julio,2023,28.0,742.73232
Alvarado,agosto,2023,87.696,2823.1001088
Alvarado,septiembre,2023,62.384,1851.1839232
Alvarado,octubre,2023,52.12,1634.5944
Alvarado,noviembre,2023,28.490000000000002,942.5328959999999
Alvarado,diciembre,2023,61.88,1826.32504
Turrialba,enero,2024,33.6,993.5999999999999
Turrialba,febrero,2024,11.55,341.54999999999995
Turrialba,marzo,2024,11.2,331.2
Turrialba,abril,2024,11.024999999999999,326.025
Turrialba,mayo,2024,35.77,1057.77
Turrialba,junio,2024,48.019999999999996,1420.0200000000002
Turrialba,julio,2024,35.595,1052.595
Turrialba,agosto,2024,41.83,1236.83
Turrialba,septiembre,2024,33.25,1016.37
Turrialba,octubre,2024,12.600000000000001,393.3
Turrialba,noviembre,2024,23.975,725.535
Turrialba,diciembre,2024,,
Oreamuno,enero,2024,106.49799999999996,3128.184
Oreamuno,febrero,2024,78.05,2216.2247999999995
Oreamuno,marzo,2024,76.3,2164.392
Oreamuno,abril,2024,23.24,627.96
Oreamuno,mayo,2024,104.36999999999999,2970.288
Oreamuno,junio,2024,66.01,1903.0752000000002
Oreamuno,julio,2024,80.11500000000001,2761.9596
Oreamuno,agosto,2024,64.68,1811.0720000000001
Oreamuno,septiembre,2024,97.39099999999999,2449.7953200000006
Oreamuno,octubre,2024,95.42400000000004,2288.6416799999997
Oreamuno,noviembre,2024,140.67899999999997,3511.5645600000007
Oreamuno,diciembre,2024,104.85999999999999,2609.1108
El Guarco,enero,2024,1.4,41.4
El Guarco,febrero,2024,0.175,5.175
El Guarco,marzo,2024,3.85,93.14800000000001
El Guarco,abril,2024,0.7,16.56
El Guarco,mayo,2024,3.85,84.04199999999999
El Guarco,junio,2024,,
El Guarco,julio,2024,4.9,114.25999999999999
El Guarco,agosto,2024,3.325,97.28999999999999
El Guarco,septiembre,2024,5.7749999999999995,137.241
El Guarco,octubre,2024,4.55,102.672
El Guarco,noviembre,2024,1.0499999999999998,30.429
El Guarco,diciembre,2024,0.7,20.7
Cartago,enero,2024,40.94999999999999,1071.1835999999998
Cartago,febrero,2024,13.859999999999998,362.49840000000006
Cartago,marzo,2024,16.525,442.976
Cartago,abril,2024,10.885,269.72099999999995
Cartago,mayo,2024,5.635,123.37200000000001
Cartago,junio,2024,9.282,255.25583999999998
Cartago,julio,2024,20.65,473.202
Cartago,agosto,2024,61.00499999999999,1295.6957999999995
Cartago,septiembre,2024,28.769999999999992,678.9599999999999
Cartago,octubre,2024,8.819999999999999,202.86
Cartago,noviembre,2024,2.975,64.99799999999999
Cartago,diciembre,2024,3.5,82.8
Alvarado,enero,2024,51.009,1659.312
Alvarado,febrero,2024,18.759999999999998,553.3524
Alvarado,marzo,2024,11.549999999999999,291.45599999999996
Alvarado,abril,2024,19.25,482.306
Alvarado,mayo,2024,51.834999999999994,1471.77
Alvarado,junio,2024,79.1,2394.1620000000003
Alvarado,julio,2024,86.8,2768.422
Alvarado,agosto,2024,64.69,1738.598
Alvarado,septiembre,2024,58.345,1559.331
Alvarado,octubre,2024,34.6535,1031.8039199999998
Alvarado,noviembre,2024,36.50500000000001,1039.5208799999998
Alvarado,diciembre,2024,21.0,660.3299999999999
Turrialba,enero,2025,,
Turrialba,febrero,2025,,
Turrialba,marzo,2025,2.6599999999999997,78.66
Turrialba,abril,2025,22.399999999999995,640.6650000000001
Turrialba,mayo,2025,22.574999999999996,637.767
Turrialba,junio,2025,46.13,1333.2870000000003
Turrialba,julio,2025,53.305,1561.4009999999996
Turrialba,agosto,2025,7.7,227.7
Turrialba,septiembre,2025,,
Turrialba,octubre,2025,,
Turrialba,noviembre,2025,,
Turrialba,diciembre,2025,,
Oreamuno,enero,2025,0.53,7.45
Oreamuno,febrero,2025,,
Oreamuno,marzo,2025,5.640000000000001,131.9
Oreamuno,abril,2025,73.33900000000001,1802.2744800000003
Oreamuno,mayo,2025,123.47999999999998,3050.5921200000003
Oreamuno,junio,2025,93.07200000000002,2304.984744
Oreamuno,julio,2025,43.154999999999994,1072.1440799999998
Oreamuno,agosto,2025,1.4,34.775999999999996
Oreamuno,septiembre,2025,,
Oreamuno,octubre,2025,,
Oreamuno,noviembre,2025,,
Oreamuno,diciembre,2025,,
El Guarco,enero,2025,,
El Guarco,febrero,2025,0.7,13.248
El Guarco,marzo,2025,1.4,29.808
El Guarco,abril,2025,1.19,21.528
El Guarco,mayo,2025,2.2749999999999995,44.215199999999996
El Guarco,junio,2025,0.9099999999999999,21.113999999999997
El Guarco,julio,2025,,
El Guarco,agosto,2025,,
El Guarco,septiembre,2025,,
El Guarco,octubre,2025,,
El Guarco,noviembre,2025,,
El Guarco,diciembre,2025,,
Cartago,enero,2025,,
Cartago,febrero,2025,,
Cartago,marzo,2025,9.240000000000002,211.96799999999996
Cartago,abril,2025,14.139999999999999,346.2282
Cartago,mayo,2025,15.574999999999998,379.224
Cartago,junio,2025,7.209999999999999,195.822
Cartago,julio,2025,9.099999999999998,226.87199999999999
Cartago,agosto,2025,,
Cartago,septiembre,2025,,
Cartago,octubre,2025,,
Cartago,noviembre,2025,,
Cartago,diciembre,2025,,
Alvarado,enero,2025,7.0,181.33
Alvarado,febrero,2025,,
Alvarado,marzo,2025,26.739999999999995,596.4084
Alvarado,abril,2025,95.92099999999995,2446.5743999999986
Alvarado,mayo,2025,101.94099999999999,3172.6310399999998
Alvarado,junio,2025,94.21300000000001,3328.86636
Alvarado,julio,2025,89.502,3530.4595199999985
Alvarado,agosto,2025,5.249999999999999,163.11599999999999
Alvarado,septiembre,2025,1.75,51.75
Alvarado,octubre,2025,,
Alvarado,noviembre,2025,,
Alvarado,diciembre,2025,,
